auth_login	0	781	0	same
auth_logout	0	565	0	same
auth_status	0	560	0	same
auth	0	446	0	same
build_build	0	1919	0	same
build_install	0	2258	0	same
build	0	472	0	same
ci_run	0	2204	0	same
ci	0	410	0	same
console_alerts_failure-rate_get	0	582	0	same
console_alerts_failure-rate_history	0	584	0	same
console_alerts_failure-rate_set	0	972	0	same
console_alerts_failure-rate	0	505	0	same
console_alerts_notifications_get	0	576	0	same
console_alerts_notifications_set	0	968	0	same
console_alerts_notifications	0	417	0	same
console_alerts_rules_create	0	969	0	same
console_alerts_rules_delete	0	745	0	same
console_alerts_rules_deliveries	0	591	0	same
console_alerts_rules_get	0	617	0	same
console_alerts_rules_list	0	561	0	same
console_alerts_rules_update	0	959	0	same
console_alerts_rules	0	756	0	same
console_alerts	0	515	0	same
console_analytics_compliance	0	863	0	same
console_analytics_device	0	669	0	same
console_analytics_events	0	1314	0	same
console_analytics_export	0	1229	0	same
console_analytics_overview	0	837	0	same
console_analytics_risk	0	813	0	same
console_analytics	0	997	0	same
console_apps_activate	0	635	0	same
console_apps_deactivate	0	685	0	same
console_apps_delete	0	909	0	same
console_apps_get	0	649	0	same
console_apps_list	0	567	0	same
console_apps_register	0	1228	0	same
console_apps_set-primary	0	654	0	same
console_apps_update	0	1066	0	same
console_apps	0	935	0	same
console_audit_list	0	714	0	same
console_audit	0	328	0	same
console_claims_create	0	2131	0	same
console_claims_delete	0	740	0	same
console_claims_get	0	656	0	same
console_claims_list	0	570	0	same
console_claims_preview	0	1504	0	same
console_claims_reorder	0	756	0	same
console_claims_test	0	2451	0	same
console_claims_update	0	1370	0	same
console_claims	0	972	0	same
console_devices_get	0	670	0	same
console_devices_list	0	1457	0	same
console_devices	0	480	0	same
console_envs_create	0	725	0	same
console_envs_delete	0	787	0	same
console_envs_list	0	568	0	same
console_envs_reorder	0	739	0	same
console_envs_update	0	783	0	same
console_envs	0	662	0	same
console_feedback_comment	0	757	0	same
console_feedback_get	0	649	0	same
console_feedback_list	0	1334	0	same
console_feedback_set-status	0	938	0	same
console_feedback	0	739	0	same
console_flags_create	0	1648	0	same
console_flags_delete	0	767	0	same
console_flags_eval	0	1794	0	same
console_flags_evaluations	0	742	0	same
console_flags_get	0	650	0	same
console_flags_history	0	775	0	same
console_flags_list	0	716	0	same
console_flags_off	0	684	0	same
console_flags_on	0	682	0	same
console_flags_overrides_add	0	914	0	same
console_flags_overrides_delete	0	835	0	same
console_flags_overrides_list	0	637	0	same
console_flags_overrides	0	681	0	same
console_flags_rules_add	0	1278	0	same
console_flags_rules_delete	0	818	0	same
console_flags_rules_list	0	650	0	same
console_flags_rules_reorder	0	787	0	same
console_flags_rules_update	0	1430	0	same
console_flags_rules	0	1212	0	same
console_flags_update	0	970	0	same
console_flags_watch	0	935	0	same
console_flags	0	1226	0	same
console_keys_create	0	908	0	same
console_keys_get	0	613	0	same
console_keys_list	0	561	0	same
console_keys_revoke	0	735	0	same
console_keys_rotate	0	955	0	same
console_keys	0	747	0	same
console_open	0	1110	0	same
console_org_billing_show	0	579	0	same
console_org_billing	0	390	0	same
console_org_settings_get	0	565	0	same
console_org_settings_set-name	0	649	0	same
console_org_settings	0	409	0	same
console_org_usage	0	577	0	same
console_org	0	523	0	same
console_releases_create	0	1077	0	same
console_releases_delete	0	746	0	same
console_releases_get	0	635	0	same
console_releases_list	0	800	0	same
console_releases_publish	0	643	0	same
console_releases_unpublish	0	693	0	same
console_releases_update	0	864	0	same
console_releases	0	1061	0	same
console_support_get	0	632	0	same
console_support_list	0	1275	0	same
console_support_reply	0	772	0	same
console_support_set-priority	0	767	0	same
console_support_set-status	0	844	0	same
console_support	0	844	0	same
console_team_get	0	625	0	same
console_team_invite	0	725	0	same
console_team_invites	0	547	0	same
console_team_members	0	563	0	same
console_team_remove	0	818	0	same
console_team_revoke-invite	0	747	0	same
console_team	0	655	0	same
console_vrt_approve	0	985	0	same
console_vrt_reject	0	672	0	same
console_vrt_runs_get	0	691	0	same
console_vrt_runs_list	0	633	0	same
console_vrt_runs	0	439	0	same
console_vrt_screen_accept	0	764	0	same
console_vrt_screen_flag	0	756	0	same
console_vrt_screen_reset	0	729	0	same
console_vrt_screen	0	572	0	same
console_vrt	0	798	0	same
console_webhooks_create	0	972	0	same
console_webhooks_delete	0	773	0	same
console_webhooks_deliveries	0	638	0	same
console_webhooks_disable	0	648	0	same
console_webhooks_enable	0	628	0	same
console_webhooks_get	0	620	0	same
console_webhooks_list	0	558	0	same
console_webhooks_retry	0	670	0	same
console_webhooks_test	0	648	0	same
console_webhooks_update	0	832	0	same
console_webhooks	0	993	0	same
console	0	1979	0	same
diff_approve	0	989	0	same
diff_capture	0	2180	0	same
diff_compare	0	2276	0	same
diff	0	535	0	same
doctor	0	882	0	same
emulator_delete	0	748	0	same
emulator_ensure	0	1388	0	same
emulator_sessions	0	567	0	same
emulator_teardown	0	923	0	same
emulator	0	909	0	same
grantiva	0	1686	0	same
hierarchy	0	1692	0	same
init	0	1133	0	same
mcp	0	724	0	same
record	0	1846	0	same
run	0	5148	0	same
runner_dump-hierarchy	0	1017	0	same
runner_install	0	573	0	same
runner_start	0	1821	0	same
runner_stop	0	557	0	same
runner_version	0	561	0	same
runner	0	693	0	same
simulator_cleanup	0	619	0	same
simulator_delete	0	591	0	same
simulator_ensure	0	1492	0	same
simulator_sessions	0	520	0	same
simulator_teardown	0	1290	0	same
simulator	0	841	0	same
